SampleID	PacBio_FQ_PATH	Illumina_PE_FQs_PATH	Dataset_Tag
M0011368_9	/n/data1/hms/dbmi/farhat/mm774/Projects/PacBio_Evaluation_Project/PacmanPipe_SM_Outputs/191203_PMP_SM_All_Mtb_PacBioDatasetsMergedsample_Output/M0011368_9/pacbio/pacbio_reads/M0011368_9.merged.subreads.fastq.gz	/n/data1/hms/dbmi/farhat/fastq_db/cetr/Peru2938_R1.fastq.gz;/n/data1/hms/dbmi/farhat/fastq_db/cetr/Peru2938_R2.fastq.gz	Farhat_Peru_2019
M0014888_3	/n/data1/hms/dbmi/farhat/mm774/Projects/PacBio_Evaluation_Project/PacmanPipe_SM_Outputs/191203_PMP_SM_All_Mtb_PacBioDatasetsMergedsample_Output/M0014888_3/pacbio/pacbio_reads/M0014888_3.merged.subreads.fastq.gz	/n/data1/hms/dbmi/farhat/fastq_db/cetr/Peru2963_R1.fastq.gz;/n/data1/hms/dbmi/farhat/fastq_db/cetr/Peru2963_R2.fastq.gz	Farhat_Peru_2019
M0015765_2	/n/data1/hms/dbmi/farhat/mm774/Projects/PacBio_Evaluation_Project/PacmanPipe_SM_Outputs/191203_PMP_SM_All_Mtb_PacBioDatasetsMergedsample_Output/M0015765_2/pacbio/pacbio_reads/M0015765_2.merged.subreads.fastq.gz	/n/data1/hms/dbmi/farhat/fastq_db/cetr/Peru2976_R1.fastq.gz;/n/data1/hms/dbmi/farhat/fastq_db/cetr/Peru2976_R2.fastq.gz	Farhat_Peru_2019
M0016395_7	/n/data1/hms/dbmi/farhat/mm774/Projects/PacBio_Evaluation_Project/PacmanPipe_SM_Outputs/191203_PMP_SM_All_Mtb_PacBioDatasetsMergedsample_Output/M0016395_7/pacbio/pacbio_reads/M0016395_7.merged.subreads.fastq.gz	/n/data1/hms/dbmi/farhat/fastq_db/cetr/Peru3011_R1.fastq.gz;/n/data1/hms/dbmi/farhat/fastq_db/cetr/Peru3011_R2.fastq.gz	Farhat_Peru_2019
M0010874_7	/n/data1/hms/dbmi/farhat/mm774/Projects/PacBio_Evaluation_Project/PacmanPipe_SM_Outputs/191203_PMP_SM_All_Mtb_PacBioDatasetsMergedsample_Output/M0010874_7/pacbio/pacbio_reads/M0010874_7.merged.subreads.fastq.gz	/n/data1/hms/dbmi/farhat/fastq_db/cetr/Peru3048_R1.fastq.gz;/n/data1/hms/dbmi/farhat/fastq_db/cetr/Peru3048_R2.fastq.gz	Farhat_Peru_2019
01_R1430	/n/data1/hms/dbmi/farhat/mm774/Projects/PacBio_Evaluation_Project/PacmanPipe_SM_Outputs/191203_PMP_SM_All_Mtb_PacBioDatasetsMergedsample_Output/01_R1430/pacbio/pacbio_reads/01_R1430.merged.subreads.fastq.gz	/n/data1/hms/dbmi/farhat/fastq_db/cetr/Peru4910_R1.fastq.gz;/n/data1/hms/dbmi/farhat/fastq_db/cetr/Peru4910_R2.fastq.gz	Farhat_Peru_2019
02_R0848	/n/data1/hms/dbmi/farhat/mm774/Projects/PacBio_Evaluation_Project/PacmanPipe_SM_Outputs/191203_PMP_SM_All_Mtb_PacBioDatasetsMergedsample_Output/02_R0848/pacbio/pacbio_reads/02_R0848.merged.subreads.fastq.gz	/n/data1/hms/dbmi/farhat/fastq_db/cetr/Peru5124_R1.fastq.gz;/n/data1/hms/dbmi/farhat/fastq_db/cetr/Peru5124_R2.fastq.gz	Farhat_Peru_2019
02_R0894	/n/data1/hms/dbmi/farhat/mm774/Projects/PacBio_Evaluation_Project/PacmanPipe_SM_Outputs/191203_PMP_SM_All_Mtb_PacBioDatasetsMergedsample_Output/02_R0894/pacbio/pacbio_reads/02_R0894.merged.subreads.fastq.gz	/n/data1/hms/dbmi/farhat/fastq_db/cetr/Peru5149_R1.fastq.gz;/n/data1/hms/dbmi/farhat/fastq_db/cetr/Peru5149_R2.fastq.gz	Farhat_Peru_2019
02_R1675	/n/data1/hms/dbmi/farhat/mm774/Projects/PacBio_Evaluation_Project/PacmanPipe_SM_Outputs/191203_PMP_SM_All_Mtb_PacBioDatasetsMergedsample_Output/02_R1675/pacbio/pacbio_reads/02_R1675.merged.subreads.fastq.gz	/n/data1/hms/dbmi/farhat/fastq_db/cetr/Peru4542_R1.fastq.gz;/n/data1/hms/dbmi/farhat/fastq_db/cetr/Peru4542_R2.fastq.gz	Farhat_Peru_2019
02_R1708	/n/data1/hms/dbmi/farhat/mm774/Projects/PacBio_Evaluation_Project/PacmanPipe_SM_Outputs/191203_PMP_SM_All_Mtb_PacBioDatasetsMergedsample_Output/02_R1708/pacbio/pacbio_reads/02_R1708.merged.subreads.fastq.gz	/n/data1/hms/dbmi/farhat/fastq_db/cetr/Peru5093_R1.fastq.gz;/n/data1/hms/dbmi/farhat/fastq_db/cetr/Peru5093_R2.fastq.gz	Farhat_Peru_2019
02_R1896	/n/data1/hms/dbmi/farhat/mm774/Projects/PacBio_Evaluation_Project/PacmanPipe_SM_Outputs/191203_PMP_SM_All_Mtb_PacBioDatasetsMergedsample_Output/02_R1896/pacbio/pacbio_reads/02_R1896.merged.subreads.fastq.gz	/n/data1/hms/dbmi/farhat/fastq_db/cetr/Peru4556_R1.fastq.gz;/n/data1/hms/dbmi/farhat/fastq_db/cetr/Peru4556_R2.fastq.gz	Farhat_Peru_2019
M0016737_0	/n/data1/hms/dbmi/farhat/mm774/Projects/PacBio_Evaluation_Project/PacmanPipe_SM_Outputs/191203_PMP_SM_All_Mtb_PacBioDatasetsMergedsample_Output/M0016737_0/pacbio/pacbio_reads/M0016737_0.merged.subreads.fastq.gz	/n/data1/hms/dbmi/farhat/fastq_db/cetr/Peru4105_R1.fastq.gz;/n/data1/hms/dbmi/farhat/fastq_db/cetr/Peru4105_R2.fastq.gz	Farhat_Peru_2019
M0017522_5	/n/data1/hms/dbmi/farhat/mm774/Projects/PacBio_Evaluation_Project/PacmanPipe_SM_Outputs/191203_PMP_SM_All_Mtb_PacBioDatasetsMergedsample_Output/M0017522_5/pacbio/pacbio_reads/M0017522_5.merged.subreads.fastq.gz	/n/data1/hms/dbmi/farhat/fastq_db/cetr/Peru4111_R1.fastq.gz;/n/data1/hms/dbmi/farhat/fastq_db/cetr/Peru4111_R2.fastq.gz	Farhat_Peru_2019
01_R1134	/n/data1/hms/dbmi/farhat/mm774/Projects/PacBio_Evaluation_Project/PacmanPipe_SM_Outputs/191203_PMP_SM_All_Mtb_PacBioDatasetsMergedsample_Output/01_R1134/pacbio/pacbio_reads/01_R1134.merged.subreads.fastq.gz	/n/data1/hms/dbmi/farhat/fastq_db/cetr/Peru4646_R1.fastq.gz;/n/data1/hms/dbmi/farhat/fastq_db/cetr/Peru4646_R2.fastq.gz	Farhat_Peru_2019
M0003941_3	/n/data1/hms/dbmi/farhat/mm774/Projects/PacBio_Evaluation_Project/PacmanPipe_SM_Outputs/191203_PMP_SM_All_Mtb_PacBioDatasetsMergedsample_Output/M0003941_3/pacbio/pacbio_reads/M0003941_3.merged.subreads.fastq.gz	/n/data1/hms/dbmi/farhat/fastq_db/cetr/Peru3430_R1.fastq.gz;/n/data1/hms/dbmi/farhat/fastq_db/cetr/Peru3430_R2.fastq.gz	Farhat_Peru_2019
02_R1179	/n/data1/hms/dbmi/farhat/mm774/Projects/PacBio_Evaluation_Project/PacmanPipe_SM_Outputs/191203_PMP_SM_All_Mtb_PacBioDatasetsMergedsample_Output/02_R1179/pacbio/pacbio_reads/02_R1179.merged.subreads.fastq.gz	/n/data1/hms/dbmi/farhat/fastq_db/cetr/Peru5084_R1.fastq.gz;/n/data1/hms/dbmi/farhat/fastq_db/cetr/Peru5084_R2.fastq.gz	Farhat_Peru_2019
N1176	/n/data1/hms/dbmi/farhat/mm774/Projects/PacBio_Evaluation_Project/PacmanPipe_SM_Outputs/191203_PMP_SM_All_Mtb_PacBioDatasetsMergedsample_Output/N1176/pacbio/pacbio_reads/N1176.merged.subreads.fastq.gz	/n/data1/hms/dbmi/farhat/mm774/DownloadedData/ChinerOms_IllData_PRJEB31443_And_PRJEB27802/ERX2719073/BSSE_QGF_78572_CBP4JANXX_6_G22206_GGAGCTAC_CTCTCTAT_S100_L006_R1_001_MM_1.fastq.gz;/n/data1/hms/dbmi/farhat/mm774/DownloadedData/ChinerOms_IllData_PRJEB31443_And_PRJEB27802/ERX2719073/BSSE_QGF_78572_CBP4JANXX_6_G22206_GGAGCTAC_CTCTCTAT_S100_L006_R2_001_MM_1.fastq.gz	ChinerOms_2019
N0157	/n/data1/hms/dbmi/farhat/mm774/Projects/PacBio_Evaluation_Project/PacmanPipe_SM_Outputs/191203_PMP_SM_All_Mtb_PacBioDatasetsMergedsample_Output/N0157/pacbio/pacbio_reads/N0157.merged.subreads.fastq.gz	/n/data1/hms/dbmi/farhat/mm774/DownloadedData/ChinerOms_IllData_PRJEB31443_And_PRJEB27802/ERX2719091/BSSE_QGF_65556_CB6RLANXX_6_G21322_CGGAGCCT_TTATGCGA_S216_L006_R1_001.fastq.gz;/n/data1/hms/dbmi/farhat/mm774/DownloadedData/ChinerOms_IllData_PRJEB31443_And_PRJEB27802/ERX2719091/BSSE_QGF_65556_CB6RLANXX_6_G21322_CGGAGCCT_TTATGCGA_S216_L006_R2_001.fastq.gz	ChinerOms_2019
N0072	/n/data1/hms/dbmi/farhat/mm774/Projects/PacBio_Evaluation_Project/PacmanPipe_SM_Outputs/191203_PMP_SM_All_Mtb_PacBioDatasetsMergedsample_Output/N0072/pacbio/pacbio_reads/N0072.merged.subreads.fastq.gz	/n/data1/hms/dbmi/farhat/mm774/DownloadedData/ChinerOms_IllData_PRJEB31443_And_PRJEB27802/ERX2719067/BSSE_QGF_78567_CBP4JANXX_6_G22207_ACTCGCTA_ACTGCATA_S95_L006_R1_001_MM_1.fastq.gz;/n/data1/hms/dbmi/farhat/mm774/DownloadedData/ChinerOms_IllData_PRJEB31443_And_PRJEB27802/ERX2719067/BSSE_QGF_78567_CBP4JANXX_6_G22207_ACTCGCTA_ACTGCATA_S95_L006_R2_001_MM_1.fastq.gz	ChinerOms_2019
N0153	/n/data1/hms/dbmi/farhat/mm774/Projects/PacBio_Evaluation_Project/PacmanPipe_SM_Outputs/191203_PMP_SM_All_Mtb_PacBioDatasetsMergedsample_Output/N0153/pacbio/pacbio_reads/N0153.merged.subreads.fastq.gz	/n/data1/hms/dbmi/farhat/mm774/DownloadedData/ChinerOms_IllData_PRJEB31443_And_PRJEB27802/ERX3211841/N0153.R1.fastq.gz;/n/data1/hms/dbmi/farhat/mm774/DownloadedData/ChinerOms_IllData_PRJEB31443_And_PRJEB27802/ERX3211841/N0153.R2.fastq.gz	ChinerOms_2019
N0145	/n/data1/hms/dbmi/farhat/mm774/Projects/PacBio_Evaluation_Project/PacmanPipe_SM_Outputs/191203_PMP_SM_All_Mtb_PacBioDatasetsMergedsample_Output/N0145/pacbio/pacbio_reads/N0145.merged.subreads.fastq.gz	/n/data1/hms/dbmi/farhat/mm774/DownloadedData/ChinerOms_IllData_PRJEB31443_And_PRJEB27802/ERX2719089/BSSE_QGF_65557_CBYPNANXX_8_G21323_TACGCTGC_TCGACTAG_S4_L008_R1_001_MM_1.fastq.gz;/n/data1/hms/dbmi/farhat/mm774/DownloadedData/ChinerOms_IllData_PRJEB31443_And_PRJEB27802/ERX2719089/BSSE_QGF_65557_CBYPNANXX_8_G21323_TACGCTGC_TCGACTAG_S4_L008_R2_001_MM_1.fastq.gz	ChinerOms_2019
N0052	/n/data1/hms/dbmi/farhat/mm774/Projects/PacBio_Evaluation_Project/PacmanPipe_SM_Outputs/191203_PMP_SM_All_Mtb_PacBioDatasetsMergedsample_Output/N0052/pacbio/pacbio_reads/N0052.merged.subreads.fastq.gz	/n/data1/hms/dbmi/farhat/mm774/DownloadedData/ChinerOms_IllData_PRJEB31443_And_PRJEB27802/ERX2719086/BSSE_QGF_65544_CBYPNANXX_8_G21310_GCGTAGTA_GCGTAAGA_S2_L008_R1_001_MM_1.fastq.gz;/n/data1/hms/dbmi/farhat/mm774/DownloadedData/ChinerOms_IllData_PRJEB31443_And_PRJEB27802/ERX2719086/BSSE_QGF_65544_CBYPNANXX_8_G21310_GCGTAGTA_GCGTAAGA_S2_L008_R2_001_MM_1.fastq.gz	ChinerOms_2019
N0031	/n/data1/hms/dbmi/farhat/mm774/Projects/PacBio_Evaluation_Project/PacmanPipe_SM_Outputs/191203_PMP_SM_All_Mtb_PacBioDatasetsMergedsample_Output/N0031/pacbio/pacbio_reads/N0031.merged.subreads.fastq.gz	/n/data1/hms/dbmi/farhat/mm774/DownloadedData/ChinerOms_IllData_PRJEB31443_And_PRJEB27802/ERX2719063/BSSE_QGF_78568_CBP4JANXX_6_G22208_ACTCGCTA_AAGGAGTA_S96_L006_R1_001_MM_1.fastq.gz;/n/data1/hms/dbmi/farhat/mm774/DownloadedData/ChinerOms_IllData_PRJEB31443_And_PRJEB27802/ERX2719063/BSSE_QGF_78568_CBP4JANXX_6_G22208_ACTCGCTA_AAGGAGTA_S96_L006_R2_001_MM_1.fastq.gz	ChinerOms_2019
N0155	/n/data1/hms/dbmi/farhat/mm774/Projects/PacBio_Evaluation_Project/PacmanPipe_SM_Outputs/191203_PMP_SM_All_Mtb_PacBioDatasetsMergedsample_Output/N0155/pacbio/pacbio_reads/N0155.merged.subreads.fastq.gz	/n/data1/hms/dbmi/farhat/mm774/DownloadedData/ChinerOms_IllData_PRJEB31443_And_PRJEB27802/ERX2719071/BSSE_QGF_65545_CB6RLANXX_6_G21311_GCGTAGTA_CTATTAAG_S211_L006_R1_001.fastq.gz;/n/data1/hms/dbmi/farhat/mm774/DownloadedData/ChinerOms_IllData_PRJEB31443_And_PRJEB27802/ERX2719071/BSSE_QGF_65545_CB6RLANXX_6_G21311_GCGTAGTA_CTATTAAG_S211_L006_R2_001.fastq.gz	ChinerOms_2019
N0004	/n/data1/hms/dbmi/farhat/mm774/Projects/PacBio_Evaluation_Project/PacmanPipe_SM_Outputs/191203_PMP_SM_All_Mtb_PacBioDatasetsMergedsample_Output/N0004/pacbio/pacbio_reads/N0004.merged.subreads.fastq.gz	/n/data1/hms/dbmi/farhat/mm774/DownloadedData/ChinerOms_IllData_PRJEB31443_And_PRJEB27802/ERX2719084/BSSE_QGF_65554_CBYPNANXX_8_G21320_CGGAGCCT_AAGGCTAT_S3_L008_R1_001_MM_1.fastq.gz;/n/data1/hms/dbmi/farhat/mm774/DownloadedData/ChinerOms_IllData_PRJEB31443_And_PRJEB27802/ERX2719084/BSSE_QGF_65554_CBYPNANXX_8_G21320_CGGAGCCT_AAGGCTAT_S3_L008_R2_001_MM_1.fastq.gz	ChinerOms_2019
N1274	/n/data1/hms/dbmi/farhat/mm774/Projects/PacBio_Evaluation_Project/PacmanPipe_SM_Outputs/191203_PMP_SM_All_Mtb_PacBioDatasetsMergedsample_Output/N1274/pacbio/pacbio_reads/N1274.merged.subreads.fastq.gz	/n/data1/hms/dbmi/farhat/mm774/DownloadedData/ChinerOms_IllData_PRJEB31443_And_PRJEB27802/ERX2719080/BSSE_QGF_78573_CBP4JANXX_6_G22216_GGAGCTAC_TATCCTCT_S101_L006_R1_001_MM_1.fastq.gz;/n/data1/hms/dbmi/farhat/mm774/DownloadedData/ChinerOms_IllData_PRJEB31443_And_PRJEB27802/ERX2719080/BSSE_QGF_78573_CBP4JANXX_6_G22216_GGAGCTAC_TATCCTCT_S101_L006_R2_001_MM_1.fastq.gz	ChinerOms_2019
N0054	/n/data1/hms/dbmi/farhat/mm774/Projects/PacBio_Evaluation_Project/PacmanPipe_SM_Outputs/191203_PMP_SM_All_Mtb_PacBioDatasetsMergedsample_Output/N0054/pacbio/pacbio_reads/N0054.merged.subreads.fastq.gz	/n/data1/hms/dbmi/farhat/mm774/DownloadedData/ChinerOms_IllData_PRJEB31443_And_PRJEB27802/ERX2719065/BSSE_QGF_78569_CBP4JANXX_6_G22212_ACTCGCTA_CTAAGCCT_S97_L006_R1_001_MM_1.fastq.gz;/n/data1/hms/dbmi/farhat/mm774/DownloadedData/ChinerOms_IllData_PRJEB31443_And_PRJEB27802/ERX2719065/BSSE_QGF_78569_CBP4JANXX_6_G22212_ACTCGCTA_CTAAGCCT_S97_L006_R2_001_MM_1.fastq.gz	ChinerOms_2019
N1216	/n/data1/hms/dbmi/farhat/mm774/Projects/PacBio_Evaluation_Project/PacmanPipe_SM_Outputs/191203_PMP_SM_All_Mtb_PacBioDatasetsMergedsample_Output/N1216/pacbio/pacbio_reads/N1216.merged.subreads.fastq.gz	/n/data1/hms/dbmi/farhat/mm774/DownloadedData/ChinerOms_IllData_PRJEB31443_And_PRJEB27802/ERX2719076/BSSE_QGF_65558_CB6RLANXX_6_G21324_TACGCTGC_TTCTAGCT_S218_L006_R1_001.fastq.gz;/n/data1/hms/dbmi/farhat/mm774/DownloadedData/ChinerOms_IllData_PRJEB31443_And_PRJEB27802/ERX2719076/BSSE_QGF_65558_CB6RLANXX_6_G21324_TACGCTGC_TTCTAGCT_S218_L006_R2_001.fastq.gz	ChinerOms_2019
N0136	/n/data1/hms/dbmi/farhat/mm774/Projects/PacBio_Evaluation_Project/PacmanPipe_SM_Outputs/191203_PMP_SM_All_Mtb_PacBioDatasetsMergedsample_Output/N0136/pacbio/pacbio_reads/N0136.merged.subreads.fastq.gz	/n/data1/hms/dbmi/farhat/mm774/DownloadedData/ChinerOms_IllData_PRJEB31443_And_PRJEB27802/ERX2719087/BSSE_QGF_65551_CB6RLANXX_6_G21317_CGGAGCCT_CCTAGAGT_S213_L006_R1_001.fastq.gz;/n/data1/hms/dbmi/farhat/mm774/DownloadedData/ChinerOms_IllData_PRJEB31443_And_PRJEB27802/ERX2719087/BSSE_QGF_65551_CB6RLANXX_6_G21317_CGGAGCCT_CCTAGAGT_S213_L006_R2_001.fastq.gz	ChinerOms_2019
N1283	/n/data1/hms/dbmi/farhat/mm774/Projects/PacBio_Evaluation_Project/PacmanPipe_SM_Outputs/191203_PMP_SM_All_Mtb_PacBioDatasetsMergedsample_Output/N1283/pacbio/pacbio_reads/N1283.merged.subreads.fastq.gz	/n/data1/hms/dbmi/farhat/mm774/DownloadedData/ChinerOms_IllData_PRJEB31443_And_PRJEB27802/ERX2719096/BSSE_QGF_65549_CB6RLANXX_6_G21315_CGGAGCCT_TCGACTAG_S212_L006_R1_001.fastq.gz;/n/data1/hms/dbmi/farhat/mm774/DownloadedData/ChinerOms_IllData_PRJEB31443_And_PRJEB27802/ERX2719096/BSSE_QGF_65549_CB6RLANXX_6_G21315_CGGAGCCT_TCGACTAG_S212_L006_R2_001.fastq.gz	ChinerOms_2019
N1272	/n/data1/hms/dbmi/farhat/mm774/Projects/PacBio_Evaluation_Project/PacmanPipe_SM_Outputs/191203_PMP_SM_All_Mtb_PacBioDatasetsMergedsample_Output/N1272/pacbio/pacbio_reads/N1272.merged.subreads.fastq.gz	/n/data1/hms/dbmi/farhat/mm774/DownloadedData/ChinerOms_IllData_PRJEB31443_And_PRJEB27802/ERX2719079/BSSE_QGF_78571_CBP4JANXX_6_G22215_ACTCGCTA_TCTCTCCG_S99_L006_R1_001_MM_1.fastq.gz;/n/data1/hms/dbmi/farhat/mm774/DownloadedData/ChinerOms_IllData_PRJEB31443_And_PRJEB27802/ERX2719079/BSSE_QGF_78571_CBP4JANXX_6_G22215_ACTCGCTA_TCTCTCCG_S99_L006_R2_001_MM_1.fastq.gz	ChinerOms_2019
N0091	/n/data1/hms/dbmi/farhat/mm774/Projects/PacBio_Evaluation_Project/PacmanPipe_SM_Outputs/191203_PMP_SM_All_Mtb_PacBioDatasetsMergedsample_Output/N0091/pacbio/pacbio_reads/N0091.merged.subreads.fastq.gz	/n/data1/hms/dbmi/farhat/mm774/DownloadedData/ChinerOms_IllData_PRJEB31443_And_PRJEB27802/ERX2719068/BSSE_QGF_78570_CBP4JANXX_6_G22210_ACTCGCTA_CGTCTAAT_S98_L006_R1_001_MM_1.fastq.gz;/n/data1/hms/dbmi/farhat/mm774/DownloadedData/ChinerOms_IllData_PRJEB31443_And_PRJEB27802/ERX2719068/BSSE_QGF_78570_CBP4JANXX_6_G22210_ACTCGCTA_CGTCTAAT_S98_L006_R2_001_MM_1.fastq.gz	ChinerOms_2019
N1202	/n/data1/hms/dbmi/farhat/mm774/Projects/PacBio_Evaluation_Project/PacmanPipe_SM_Outputs/191203_PMP_SM_All_Mtb_PacBioDatasetsMergedsample_Output/N1202/pacbio/pacbio_reads/N1202.merged.subreads.fastq.gz	/n/data1/hms/dbmi/farhat/mm774/DownloadedData/ChinerOms_IllData_PRJEB31443_And_PRJEB27802/ERX2719075/BSSE_QGF_78565_CBP4JANXX_6_G22209_ACTCGCTA_TATCCTCT_S93_L006_R1_001_MM_1.fastq.gz;/n/data1/hms/dbmi/farhat/mm774/DownloadedData/ChinerOms_IllData_PRJEB31443_And_PRJEB27802/ERX2719075/BSSE_QGF_78565_CBP4JANXX_6_G22209_ACTCGCTA_TATCCTCT_S93_L006_R2_001_MM_1.fastq.gz	ChinerOms_2019
N1177	/n/data1/hms/dbmi/farhat/mm774/Projects/PacBio_Evaluation_Project/PacmanPipe_SM_Outputs/191203_PMP_SM_All_Mtb_PacBioDatasetsMergedsample_Output/N1177/pacbio/pacbio_reads/N1177.merged.subreads.fastq.gz	/n/data1/hms/dbmi/farhat/mm774/DownloadedData/ChinerOms_IllData_PRJEB31443_And_PRJEB27802/ERX3211842/N1177.R1.fastq.gz;/n/data1/hms/dbmi/farhat/mm774/DownloadedData/ChinerOms_IllData_PRJEB31443_And_PRJEB27802/ERX3211842/N1177.R2.fastq.gz	ChinerOms_2019
RW-TB008	/n/data1/hms/dbmi/farhat/mm774/DownloadedData/PRJNA598991/SRX7502209/SRR10828834.fastq.gz	/n/data1/hms/dbmi/farhat/mm774/DownloadedData/PRJNA598991/SRX7502208/SRR10828835_1.fastq.gz;/n/data1/hms/dbmi/farhat/mm774/DownloadedData/PRJNA598991/SRX7502208/SRR10828835_2.fastq.gz	Ngabonziza_Lin8_2020
DNA028	/n/data1/hms/dbmi/farhat/mm774/DownloadedData/ForMax_NIAID_LRS/DNA028/SMRTCell_1475/lima_output.bc1011_BAK8A_OA--bc1011_BAK8A_OA.fastq.gz;/n/data1/hms/dbmi/farhat/mm774/DownloadedData/ForMax_NIAID_LRS/DNA028/SMRTCell_1494/lima_output.bc1011_BAK8A_OA--bc1011_BAK8A_OA.fastq.gz	/n/data1/hms/dbmi/farhat/mm774/DownloadedData/201123_TB_Portals_15CI_SelectedIsolates_V1/SRR7516404/SRR7516404_1.fastq.gz;/n/data1/hms/dbmi/farhat/mm774/DownloadedData/201123_TB_Portals_15CI_SelectedIsolates_V1/SRR7516404/SRR7516404_2.fastq.gz	TB_Portals_15CI_R1
DNA075	/n/data1/hms/dbmi/farhat/mm774/DownloadedData/ForMax_NIAID_LRS/DNA075/lima_output.bc1020_BAK8B_OA--bc1020_BAK8B_OA.fastq.gz	/n/data1/hms/dbmi/farhat/mm774/DownloadedData/201123_TB_Portals_15CI_SelectedIsolates_V1/SRR6807705/SRR6807705_1.fastq.gz;/n/data1/hms/dbmi/farhat/mm774/DownloadedData/201123_TB_Portals_15CI_SelectedIsolates_V1/SRR6807705/SRR6807705_2.fastq.gz	TB_Portals_15CI_R1
DNA091	/n/data1/hms/dbmi/farhat/mm774/DownloadedData/ForMax_NIAID_LRS/DNA091/lima_output.bc1022_BAK8B_OA--bc1022_BAK8B_OA.fastq.gz	/n/data1/hms/dbmi/farhat/mm774/DownloadedData/201123_TB_Portals_15CI_SelectedIsolates_V1/SRR6807763/SRR6807763_1.fastq.gz;/n/data1/hms/dbmi/farhat/mm774/DownloadedData/201123_TB_Portals_15CI_SelectedIsolates_V1/SRR6807763/SRR6807763_2.fastq.gz	TB_Portals_15CI_R1
AZE_02_047	/n/data1/hms/dbmi/farhat/mm774/DownloadedData/ForMax_NIAID_LRS/AZE_02_047/SMRTCell_1475/lima_output.bc1010_BAK8A_OA--bc1010_BAK8A_OA.fastq.gz;/n/data1/hms/dbmi/farhat/mm774/DownloadedData/ForMax_NIAID_LRS/AZE_02_047/SMRTCell_1494/lima_output.bc1010_BAK8A_OA--bc1010_BAK8A_OA.fastq.gz	/n/data1/hms/dbmi/farhat/mm774/DownloadedData/201123_TB_Portals_15CI_SelectedIsolates_V1/SRR6916544/SRR6916544_1.fastq.gz;/n/data1/hms/dbmi/farhat/mm774/DownloadedData/201123_TB_Portals_15CI_SelectedIsolates_V1/SRR6916544/SRR6916544_2.fastq.gz	TB_Portals_15CI_R1
DNA033	/n/data1/hms/dbmi/farhat/mm774/DownloadedData/ForMax_NIAID_LRS/DNA033/lima_output.bc1015_BAK8B_OA--bc1015_BAK8B_OA.fastq.gz	/n/data1/hms/dbmi/farhat/mm774/DownloadedData/201123_TB_Portals_15CI_SelectedIsolates_V1/SRR6807749/SRR6807749_1.fastq.gz;/n/data1/hms/dbmi/farhat/mm774/DownloadedData/201123_TB_Portals_15CI_SelectedIsolates_V1/SRR6807749/SRR6807749_2.fastq.gz	TB_Portals_15CI_R1
DNA044	/n/data1/hms/dbmi/farhat/mm774/DownloadedData/ForMax_NIAID_LRS/DNA044/SMRTCell_1475/lima_output.bc1002_BAK8A_OA--bc1002_BAK8A_OA.fastq.gz;/n/data1/hms/dbmi/farhat/mm774/DownloadedData/ForMax_NIAID_LRS/DNA044/SMRTCell_1494/lima_output.bc1002_BAK8A_OA--bc1002_BAK8A_OA.fastq.gz	/n/data1/hms/dbmi/farhat/mm774/DownloadedData/201123_TB_Portals_15CI_SelectedIsolates_V1/SRR6807694/SRR6807694_1.fastq.gz;/n/data1/hms/dbmi/farhat/mm774/DownloadedData/201123_TB_Portals_15CI_SelectedIsolates_V1/SRR6807694/SRR6807694_2.fastq.gz	TB_Portals_15CI_R1
DNA020	/n/data1/hms/dbmi/farhat/mm774/DownloadedData/ForMax_NIAID_LRS/DNA020/SMRTCell_1475/lima_output.bc1001_BAK8A_OA--bc1001_BAK8A_OA.fastq.gz;/n/data1/hms/dbmi/farhat/mm774/DownloadedData/ForMax_NIAID_LRS/DNA020/SMRTCell_1494/lima_output.bc1001_BAK8A_OA--bc1001_BAK8A_OA.fastq.gz	/n/data1/hms/dbmi/farhat/mm774/DownloadedData/201123_TB_Portals_15CI_SelectedIsolates_V1/SRR6807727/SRR6807727_1.fastq.gz;/n/data1/hms/dbmi/farhat/mm774/DownloadedData/201123_TB_Portals_15CI_SelectedIsolates_V1/SRR6807727/SRR6807727_2.fastq.gz	TB_Portals_15CI_R1
DNA017	/n/data1/hms/dbmi/farhat/mm774/DownloadedData/ForMax_NIAID_LRS/DNA017/SMRTCell_1475/lima_output.bc1012_BAK8A_OA--bc1012_BAK8A_OA.fastq.gz;/n/data1/hms/dbmi/farhat/mm774/DownloadedData/ForMax_NIAID_LRS/DNA017/SMRTCell_1494/lima_output.bc1012_BAK8A_OA--bc1012_BAK8A_OA.fastq.gz	/n/data1/hms/dbmi/farhat/mm774/DownloadedData/201123_TB_Portals_15CI_SelectedIsolates_V1/SRR7516376/SRR7516376_1.fastq.gz;/n/data1/hms/dbmi/farhat/mm774/DownloadedData/201123_TB_Portals_15CI_SelectedIsolates_V1/SRR7516376/SRR7516376_2.fastq.gz	TB_Portals_15CI_R1
AZE_02_042	/n/data1/hms/dbmi/farhat/mm774/DownloadedData/ForMax_NIAID_LRS/AZE_02_042/SMRTCell_1475/lima_output.bc1009_BAK8A_OA--bc1009_BAK8A_OA.fastq.gz;/n/data1/hms/dbmi/farhat/mm774/DownloadedData/ForMax_NIAID_LRS/AZE_02_042/SMRTCell_1494/lima_output.bc1009_BAK8A_OA--bc1009_BAK8A_OA.fastq.gz	/n/data1/hms/dbmi/farhat/mm774/DownloadedData/201123_TB_Portals_15CI_SelectedIsolates_V1/SRR6356981/SRR6356981_1.fastq.gz;/n/data1/hms/dbmi/farhat/mm774/DownloadedData/201123_TB_Portals_15CI_SelectedIsolates_V1/SRR6356981/SRR6356981_2.fastq.gz	TB_Portals_15CI_R1
DNA019_Rose	/n/data1/hms/dbmi/farhat/mm774/DownloadedData/ForMax_NIAID_LRS/DNA019_Rose/lima_output.bc1016_BAK8B_OA--bc1016_BAK8B_OA.fastq.gz	/n/data1/hms/dbmi/farhat/mm774/DownloadedData/201123_TB_Portals_15CI_SelectedIsolates_V1/SRR6807728/SRR6807728_1.fastq.gz;/n/data1/hms/dbmi/farhat/mm774/DownloadedData/201123_TB_Portals_15CI_SelectedIsolates_V1/SRR6807728/SRR6807728_2.fastq.gz	TB_Portals_15CI_R1
DNA011	/n/data1/hms/dbmi/farhat/mm774/DownloadedData/ForMax_NIAID_LRS/DNA011/SMRTCell_1475/lima_output.bc1008_BAK8A_OA--bc1008_BAK8A_OA.fastq.gz;/n/data1/hms/dbmi/farhat/mm774/DownloadedData/ForMax_NIAID_LRS/DNA011/SMRTCell_1494/lima_output.bc1008_BAK8A_OA--bc1008_BAK8A_OA.fastq.gz	/n/data1/hms/dbmi/farhat/mm774/DownloadedData/201123_TB_Portals_15CI_SelectedIsolates_V1/SRR7516389/SRR7516389_1.fastq.gz;/n/data1/hms/dbmi/farhat/mm774/DownloadedData/201123_TB_Portals_15CI_SelectedIsolates_V1/SRR7516389/SRR7516389_2.fastq.gz	TB_Portals_15CI_R1
DNA120	/n/data1/hms/dbmi/farhat/mm774/DownloadedData/ForMax_NIAID_LRS/DNA120/lima_output.bc1018_BAK8B_OA--bc1018_BAK8B_OA.fastq.gz	/n/data1/hms/dbmi/farhat/mm774/DownloadedData/201123_TB_Portals_15CI_SelectedIsolates_V1/SRR7516420/SRR7516420_1.fastq.gz;/n/data1/hms/dbmi/farhat/mm774/DownloadedData/201123_TB_Portals_15CI_SelectedIsolates_V1/SRR7516420/SRR7516420_2.fastq.gz	TB_Portals_15CI_R1
DNA188	/n/data1/hms/dbmi/farhat/mm774/DownloadedData/ForMax_NIAID_LRS/DNA188/lima_output.bc1019_BAK8B_OA--bc1019_BAK8B_OA.fastq.gz	/n/data1/hms/dbmi/farhat/mm774/DownloadedData/201123_TB_Portals_15CI_SelectedIsolates_V1/SRR7516407/SRR7516407_1.fastq.gz;/n/data1/hms/dbmi/farhat/mm774/DownloadedData/201123_TB_Portals_15CI_SelectedIsolates_V1/SRR7516407/SRR7516407_2.fastq.gz	TB_Portals_15CI_R1
DNA097	/n/data1/hms/dbmi/farhat/mm774/DownloadedData/ForMax_NIAID_LRS/DNA097/SMRTCell_1475/lima_output.bc1003_BAK8A_OA--bc1003_BAK8A_OA.fastq.gz;/n/data1/hms/dbmi/farhat/mm774/DownloadedData/ForMax_NIAID_LRS/DNA097/SMRTCell_1494/lima_output.bc1003_BAK8A_OA--bc1003_BAK8A_OA.fastq.gz	/n/data1/hms/dbmi/farhat/mm774/DownloadedData/201123_TB_Portals_15CI_SelectedIsolates_V1/SRR7516318/SRR7516318_1.fastq.gz;/n/data1/hms/dbmi/farhat/mm774/DownloadedData/201123_TB_Portals_15CI_SelectedIsolates_V1/SRR7516318/SRR7516318_2.fastq.gz	TB_Portals_15CI_R1
DNA086	/n/data1/hms/dbmi/farhat/mm774/DownloadedData/ForMax_NIAID_LRS/DNA086/lima_output.bc1021_BAK8B_OA--bc1021_BAK8B_OA.fastq.gz	/n/data1/hms/dbmi/farhat/mm774/DownloadedData/201123_TB_Portals_15CI_SelectedIsolates_V1/SRR6807754/SRR6807754_1.fastq.gz;/n/data1/hms/dbmi/farhat/mm774/DownloadedData/201123_TB_Portals_15CI_SelectedIsolates_V1/SRR6807754/SRR6807754_2.fastq.gz	TB_Portals_15CI_R1
